file_id2,date,newspaper_name,article,newspaper_state,filename,attempted_y_n,similar_coverage_y_n,notes_from_te,sn,year,month,day,page,edition,mod_id,source,filepath,url
14213_0,1836-11-09,"Constantine republican (Constantine, Mi...)","It is very much to be hoped that there is utter falsehood or gross exaggeration at least, in the following report which we copy from the Ohio Atlas, published at Elyria in that State. If the details here given are indeed true, it manifests a state of society, most deplorable , to be sure. The truth is, this stu "" pendous system of violence and misrule, - denominated Lynch law, must be put down in this country, or our regular institutions will not only become a mockery and a bye- word of reproach throughout the world; but they . will very soon be undermined and destroy ed, our boasted"" free reduced at once to a mere ruffian system of confusion, bloodshed, and unmitigated anar. chy.-N. Y. Cour. and Enq. "" Reports are rife in this vicinity of the , murder, by a mob, near Chillicothe, of Mr. , Edward Weed, late of Lane Seminary, and since of Cummingsville. A gentleman of Marietta, in whom entire confidence may be placed, reports the following statement as having been made in the stage house at Wooster, by a Kentuckian travelling north in pursuit of slaves, and afterwards repeat ed by the same individual in the stage, viz: that there was a town gathering at Chillicothe on the same day of last week, when Mr. Weed arrived in town on some business; and being known as an abolitionist, some indignities were offered to him- such as shaving his horse, removing the wheels of his wagon,& c .; that Mr. Weed soon after left town, was followed by the mob, his wagon broken to pieces, his horse killed, and at length himself suspended to a tree by a rope of bark until he was dead. The Kentuckian stated that he was informed of the fact on his arrival at Chillicothe and went and saw the body of Mr. Weed.,",Michigan,14213_0.txt,,,"Mr. Weed, an abolitionist left town, was followed by the mob. ...""""himself suspened a tree by a rope of bark until he was dead"""" happened near Chillicothe 1836",sn83016620,1836,11,9,seq-1,ed-1,1,students,~/Code/hcij_lynching_phase_two/Storage_Older_Versions/latest_articles_aug23/14213_0.txt,https://articleextractor.org/pages/14213/mimtptc_alpena_ver01/sn83016620/1836/11/09/ed-1/seq-1/1
16741_0,1805-01-14,The national intelligencer and Washington advertiser (Washington City...),"Extract of a letter to a gentleman in New York, dated Cadiz, November 13. "" The news yeſterday from the in- terior of this country is of a very alarm ing nature. In many places the peo ple are in a state of infurrection. Want of bread has driven the lower claffes to grant extremity, and in confequence to media.feme fhocking outrages. In one town the poorer inhabitants have in a mob and hanged the governor. rifen""",District of Columbia,16741_0.txt,,"Yes, 5",Mentions poor inhabitants hanging their governor. Does not mention the location. Details are from a letter addressed to someone in NY written in 1805.,sn83045242,1805,1,14,seq-3,ed-1,1,students,~/Code/hcij_lynching_phase_two/Storage_Older_Versions/latest_articles_aug23/16741_0.txt,https://articleextractor.org/pages/16741/dlc_domestic_ver01/sn83045242/1805/01/14/ed-1/seq-3/1
16742_0,1805-01-19,"Virginia Argus (Richmond, Va.)","Extact of a letter to a gentleman in New York, dated Cadiz, November 13. "" The nets yesterday from the interior of this country is of a very alarming na ture. In many places the people are in a state of insurrection. Want of bread has driven the lower classes to great extremity , and in consequence to some shocking outrages. In one town the poorer inhabitants have risen in a mob and hanged the governor.",Virginia,16742_0.txt,,"Yes, 5",Mentions poor inhabitants hanging their governor. Does not mention the location. Details are from a letter addressed to someone in NY written in 1805.,sn84024710,1805,1,19,seq-3,ed-1,1,students,~/Code/hcij_lynching_phase_two/Storage_Older_Versions/latest_articles_aug23/16742_0.txt,https://articleextractor.org/pages/16742/vi_otters_ver02/sn84024710/1805/01/19/ed-1/seq-3/1
16744_0,1805-02-01,"Berkeley and Jefferson intelligencer (Martinsburg, Va...)","Extract of a letter to a gentleman in New- York, dated Gadiz, November 13. "" The news yesterday from the interior of this country is of a very alarming nature. In many places the people are in a state of insurrection.- Want of bread has driven the lower classes to great extremity, and in consequence, to some shocking outrages. In one town poorer inhabitants have risen in a the mob and hanged the governor.""",Virginia,16744_0.txt,,"Yes, 5",Mentions poor inhabitants hanging their governor. Does not mention the location. Details are from a letter addressed to someone in NY written in 1805.,sn85059525,1805,2,1,seq-2,ed-1,2,students,~/Code/hcij_lynching_phase_two/Storage_Older_Versions/latest_articles_aug23/16744_0.txt,https://articleextractor.org/pages/16744/wvu_hogan_ver01/sn85059525/1805/02/01/ed-1/seq-2/2
16745_0,1835-07-23,Lynchburg Virginian (Lynchburg [Va.]),"Attempted Murder and Riots. Robert R. Stewart, Esq. of Philadelphia, whilst residing at Trinidad, Cuba, as American consul, purchased a negro boy for six hundred dollars- a native of Af rica, of the Eboe tribe. Being about to leave Tri- regularly him, giving Juan, or Whan, the choice of coming with him to the U nited States, or of remaining behind; but apparently attached to the family, he preferred the former. On Friday, Whan ordered some new clothes to be resentme- ving that Mr. Stewart would pay for them to the amount of 35 dollars; but Mr. Stewart said that as he had several trunks of clothes, and upwards of$ 100 in money, that it was unreasonable to request it. Mr. S. however, was un willing to disappoint his domestic, and agreed to pay for a part of the clothes, which he selected- and here it was thought that the matter had ended. But on last Sunday, as Mr. Stewart was taken his afternoon's nap, Whan entered his room, and struck him two blows with an axe on the head, one of which mashed his hand,( with which it is supposed that his face was covered,) and left him as killed He then came down stairs, and quietly seated him self at the front door, and confessed what he had done, when he was arrested- which very soon hap- pened. He made no attempt to escape. It was believed that Mr. Stewart would certainly die -- but the opinion is now entertained that he may recover. The case, however, was doub ful, at the last accounts. In consequence, a choral attack was made on the colored people of the southern part of the city, ( out of its corporate limit), last Monday night, many houses being attacked with the fury of sav ages, and the blacks that were seized exceedingly abused- some of them so much so that they will hardly survive. A house was fired, and a battle took place between the firemen and the mob -- but after some terrific scenes, the former succeeded in quenching the flames. The mob then changed their scence of operations, and attacked other hou- ses and persons. At 2 o'clock, exhausted with their own violence, they dispersed, after having reigned about six hours from S P. M. on Monday, to 2 A. M. Tuesday. The mayor, with a strong body of the police, kept them out of his limits, but further had not power. They are said to have a mounted to 1,500 persons! They respected, how ever, the old men and women and children- but on all others, inflicted, without discrimination, the most horrible excesses. Some few of the blacks defended their property- and five shots were dis charged; but, generally, their great object was to keep out of the way, or conceal themselves. The riots continued on Tuesday night in Moy amensing; but no great damage was done. The people of color had generally left their homes and , fled to the parts adjacent- sleeping, or to sleep, in the open attempting[ Niles.",Virginia,16745_0.txt,,"Yes, 16","Mentions the hanging of two white men and seven negroes in Livingston, Mississippi 1835",sn84024649,1835,7,23,seq-2,ed-1,1,students,~/Code/hcij_lynching_phase_two/Storage_Older_Versions/latest_articles_aug23/16745_0.txt,https://articleextractor.org/pages/16745/vi_dartmoor_ver03/sn84024649/1835/07/23/ed-1/seq-2/1
16746_0,1835-07-31,"The Arkansas advocate (Little Rock, A....)","We have received by the Memphis Gazette, some further particulars respecting the state of things in Mississippi. The already crowd ed state of our columns precludes us from inserting the article entire. It seems that a committee of 13 respectable men was appoint ed in Madison county, by whose verdiet Cot ton and Saunders were hung. Cotton made a full confession. He was an accomplice of the celebrated Murel- who had been a mem ber in two grand councils with Cotton. The project embraced the whole slave region from Maryland to Louisiana- and contemplated destruction of the whites in all the slave the States, and the absolute conquest of the coun try. Five white men, altogether, have been hung in Livingston. Among the rest, RUEL BLAKE, who was to have been a General. A chap by the name of HUNTER, had been apprehended Committees are still in session in Madison and Clinton counties. We hope that their plans have not included Arkansas, but at all events it would be well for our citizens the Mississippi to keep a vigilant look out on.",Arkansas,16746_0.txt,,,"States 5 white men had been hung in Livingston. Mentions a court case where 2 members of the jury were """"hung"""" in their verdict.",sn87062070,1835,7,31,seq-2,ed-1,1,students,~/Code/hcij_lynching_phase_two/Storage_Older_Versions/latest_articles_aug23/16746_0.txt,https://articleextractor.org/pages/16746/arhi_elvis_ver01/sn87062070/1835/07/31/ed-1/seq-2/1
16747_0,1835-08-01,"South Branch intelligencer (Romney, Va. [W....)","LYNCH LAW .-- The following account of a summary execution of vindictive justice, scorning the law's delay, is from a late number of the New Orleans Adver natiser: NEW ORLEANS, July 11. Mob Justice.- Information was re. ceived from Vicksburg( in Mississip- ) yesterday, by the steamboat Scotstopping land, that a serious act of mobocracy took place on the 9th inst. in the town mentioned. It appears that a den of gamblers existed in that place, which had become obnoxious to the citizens. On the Fourth of July the gamblers were refused permission to participate in the celebration, whereupon, they became insolent, and notice was given to them by the citizens to leave the place. This they disregarded, and remained. Two of them, in consequence , were taken, and made to go through the ceremony of tarring and feathering, so well known& so often practised in the West. These two left the place, but the others, five in number , armed themselves, and made a fortress of their establishment, to which the citizens repaired, and, after having forced the doors, rushed in. Dr. Bod- ley, the first person who entered, re. ceived eleven balls through his body, and fell dead instantly. The death of the doctor excited the people to the highest degree of wrath; and, having seized the gamblers, they lost no time in hanging the whole five, who remained suspended twenty- four hours. Per haps justice was done them. It is reted ported that they had several times be fore escaped legal justice. Another account says- They post ed centries, and gave notice that any person who approached them for 24 hours would be served likewise. All the money which was of large amount was piled upon a table before the suspended bodies, and the committee paid it away to all who could prove they had lost money at the house. About twelve or fifteen persons in connection with the house, started for this city in haste to avoid a similar fate. These are the particulars as we have heard them- we shall make no comments upon so dreadful an occurrence, hoping the ac counts have been exaggerated. Since the above was in type we have heard that Dr. Bodley was murdered in the gaming house, after hav- won a considerable sum of money at the table, which was the original cause of this execution of summary justice, or Lynch Law as it is called. The persons executed were, Mr. North, who kept a tavern, Dutch Bill, his bar keeper, Mr. Samuel Smith, Mr. Cull- Mr. um, and",West Virginia,16747_0.txt,,"Yes, 20","5 gamblers were hung by a mob in Vicksburg, MS. Two letters to the editor mentions lynchings. One letter mentions a merchant being hung in Tyler County. The second mentions the execution of Robert D. Hoy for murdering Mrs. Smoot. ",sn84026826,1835,8,1,seq-2,ed-1,1,students,~/Code/hcij_lynching_phase_two/Storage_Older_Versions/latest_articles_aug23/16747_0.txt,https://articleextractor.org/pages/16747/wvu_queen_ver01/sn84026826/1835/08/01/ed-1/seq-2/1
16748_0,1835-09-05,"South Branch intelligencer (Romney, Va. [W....)","Lynch Law- Abolitionists,& c. The Memphis Gazette of the 8th ult. states, on the authority of a gen- tleman just from Vicksburgh, that two men, one named Urley, a notorious negro thief and counterfeiter, were summarily executed a few days before by the citizens. The other man whose name he had forgotten, belonged to a which has for sometime infested gang the neighborhood.",West Virginia,16748_0.txt,,,"Under a """"Lynch Law"""" headline mentions the execution of two men from the Memphis Gazette.",sn84026826,1835,9,5,seq-2,ed-1,1,students,~/Code/hcij_lynching_phase_two/Storage_Older_Versions/latest_articles_aug23/16748_0.txt,https://articleextractor.org/pages/16748/wvu_queen_ver01/sn84026826/1835/09/05/ed-1/seq-2/1
16751_0,1835-09-05,"South Branch intelligencer (Romney, Va. [W....)","R. W. Carroll, à hair dresser of Charleston S. C. was Lynched on the 21st ult. The mob seized him between 8 and 9 o'clock in the morning, gave him 20 lashes, a coat of tar and COTTON, from head to foot, then marched through several principal streets and lodged him in jail. The account states that respecta- ble citizens lent of presence,"" and all was"" orderly conducted !"" His offence was dealing with, and receiving stolen goods from slaves, a- gainst which he had repeatedly warned. been The New Orleans American of August 14th, says:"" We understand by a gentleman arrived yesterday from Baton Rouge, that forty or fifty negroes had been arrested, under a charge of be concerned in an intended insurrection. Several white men were engaged with the negroes. Their names are known and the militia are in pursuit of them. They are doubtless by this time arrested "" One of Murrel'e gang was hung at Clinton, La. on Tuesday last, under sentence Judge Lynch. He had 500 dol lars of of counterfeit notes upon him.",West Virginia,16751_0.txt,,,"Charleston, SC """"R.W. Carroll a hair dresser was lynched. ... His offence was dealing with, and receiving stolen goods from slaves, against which had repeatedly been warned""""",sn84026826,1835,9,5,seq-3,ed-1,3,students,~/Code/hcij_lynching_phase_two/Storage_Older_Versions/latest_articles_aug23/16751_0.txt,https://articleextractor.org/pages/16751/wvu_queen_ver01/sn84026826/1835/09/05/ed-1/seq-3/3
16753_0,1835-09-08,"Richmond enquirer (Richmond, Va.)","NEW ORLEANS, August 14, We understand by a gentleman who arrived yesterday from Baton Rouge, that forty or fifty negroes had been arrested, under a charge of being coneirned in an tended insurrection. Several white men were engaged in MORE LAW BREAKING- We are informed, from good authority, that two or three persons were seized in Mays. ville, two or three days ago, implicated in the abduction of some negroes, and were passed through the ordeal of ( the now omnipotent) Judge Lynch, to the great gratification of the citizens. Our informant states that the of fenders were most shockingly whipped [ Cincinnati. Whig, of 19th. with the negroes; their names are known and the militia are in pursuit of them -- they are doubtless by this time arrested. One of Murell's gang was hung at Clinton, La., on Tuesday last, under the sentence of Judge Lynch. He had five hundred dollars of counterfeit notes upon him [ True American..",Virginia,16753_0.txt,,,"Person was hung in Clinton, LA",sn84024735,1835,9,8,seq-4,ed-1,4,students,~/Code/hcij_lynching_phase_two/Storage_Older_Versions/latest_articles_aug23/16753_0.txt,https://articleextractor.org/pages/16753/vi_naturals_ver01/sn84024735/1835/09/08/ed-1/seq-4/4
16756_0,1835-09-12,"South Branch intelligencer (Romney, Va. [W....)","Lynch Law- Abolitionists,& c. In our last number we published an account of the arrest of THREE PERSONS in the parish of St. Helena, La., suspec seditious pamphlets ted of distributing, and who afterwards acknowledged they belonged to the Murrell gang, and that one had made his escape, and sentence had not been passed upon the other two. Our information now enables us to state, that the two in custody were tried by the citizens, and the charges being fully proved, they were sentenced to be hung ! forthwith Wakebolle From the New Orleans Bee. A letter published in the Natchez Courier, from Madison county, Mi. 24th ult states that few arreste and no new developments occur there now; that the internal danger has passed; and that no need be entertained just apprehensions of the few scattered remnants of the abolition crew. But it contains a singular narrative of a proceeding under the Lynch code, in Livingston county, whither two brothers William and John Earle had been sent by the committee of safety at Vicksburg, in order to be tried there where they were best known. They had been implicated by Dr. Cotton, as intended leaders of the conspiracy in Warren county. Judge Lynch's committee sat in trial on the brothers, con fining and examining them separately; and each without any hope, fear or compulsion confessed a knowledge of the conspiracy some months previously -but denied having taken any part in it. John indeed accused his brother; they both accused Boyd, who es- and caped conviction at Vicksburg, and",West Virginia,16756_0.txt,,,"Mentions two people being sentenced to hang by citizens in St. Helena, LA. ",sn84026826,1835,9,12,seq-2,ed-1,2,students,~/Code/hcij_lynching_phase_two/Storage_Older_Versions/latest_articles_aug23/16756_0.txt,https://articleextractor.org/pages/16756/wvu_queen_ver01/sn84026826/1835/09/12/ed-1/seq-2/2
16771_0,1837-08-09,Vermont telegraph (Brandon [Vt.]),"The REMEMBERED.- TO BE THINGS open- Tennessee, of White, Senator Hon. Senate, his place in the defended, in ly the lynching of Dresser, at Nashville. His colleague, Senator Grundy, also ab- disposal of such summary advocated a Tennes into should venture alitionists as in a Ohio asked, of Morris, see Senator. astonishment, indignation and of tone renerable and honorable Does the The LAW LYNCH?"" approve of then tor his head in nodded Tennessee Senator of assent.",Vermont,16771_0.txt,,,Mentions the approval of a lynching of Dresser in Nashville by Sen. White of Tennessee. 1837,sn83025661,1837,8,9,seq-2,ed-1,1,students,~/Code/hcij_lynching_phase_two/Storage_Older_Versions/latest_articles_aug23/16771_0.txt,https://articleextractor.org/pages/16771/vtu_kirby_ver02/sn83025661/1837/08/09/ed-1/seq-2/1
16774_0,1839-06-20,NA,"the Hagerstown Torch Light. ELOPEMENT LYNCH LAW.- A while girl, aged about 17 or 18, of respectable parentage, eloped from Frederick county, last week, with a rough, rude, overgrown black fellow. On Saturday night, at a late hour, they arrived in Hagerstown on their way for Pennsylvania, and were arrested by our vigilant police officers. The black fellow was committed to jail and the deluded girl taken care of until Monday morning, when the man was ta ken before one of our magistrates; but having committed no offence, as it was thought, for which the law provided a punishment, he was about being dismiss ed, when the mob manifested a disposition to take him in hand- a commitment was then made out for the purpose of plac. ing him in Jail beyond the reach of the mob, and he was given over to the peace officers; but on the way to the Jail, the in-. dignant crowd seized him, and placing him on a rail, rushed forward with the intention of passing the Jail gate. The officers who had him in charge, however, with great exertions, and much to their credis, succeeded in directing the course of the mob into the gate, and thus got their charge within the prison yard. Here a parley took place which resulted in a compromise, according to which the offender received thirty nine stripes on the bare back, well laid on. He was then committed; and in the afternoon, escorted out of Town by a committee appointed to Leep off the mob- and permitted to pur- sue his way for Pennsylvania. If should ever visit Hagerstown again on he a",West Virginia,16774_0.txt,Yes,,Attempted lynching of a Black man who eloped with a white woman. In Hagerstown. Paper published in 1839.,sn84026784,1839,6,20,seq-3,ed-1,1,students,~/Code/hcij_lynching_phase_two/Storage_Older_Versions/latest_articles_aug23/16774_0.txt,https://articleextractor.org/pages/16774/wvu_jacob_ver01/sn84026784/1839/06/20/ed-1/seq-3/1
16790_0,1841-07-22,NA,"MURDER AND LYNCHING AT THE WEST- We copy from the Chicago( Illinois) American the following particulars respecting the murder of a Mr. Campbell, on Rock River, and the occurrences that subsequently took place The country below this and north of the Illinois river, has been for a long time and is now infested with a gang of black- lege, counterfeiters, horse thieves and land pirates, and the good people have found our laws, or at least the administration of them, entirely inadequate to the protec- tion of their property: consequently they have been forced to form themselves into "" volunteer companies, and anti- horse thieves societies."" One was formed about 20 miles below this, at Washington grove. Mr. Campbell was actively engaged in June, two of the Driskells, notorious thro' this region as ring leaders and harborers of all sorts of villains- rode up to Campbell's house and asked his son if his father was at home; he called his father to the door, when the Driskells shot him dead, and ded. The volunteer companies of De Kalb and Winnebago counties immediately collected and went in search of the Driskells. On Tuesday they caught the old man and one of his sons- tried them by Lynch law, and was convinced that they were the cause if not the perpetrators of the atrocious murder of Mr. Campbell. They sentenced them to immediate death, then placed the old man about ten rods off, and bid bim prepare for death, giving him 5 minutes- when the time was up about 50 balle weat thro' him. The son was then served in the esame manner- both devils proving game -neither making any disclosures, more than saying that another son of killed Campbell. The company Driskell are company are now pursuing this other Driskell, who has cut stick with a confederate.$ 500 reward is offered for his head. High handed and revolting as this summary mode of cedure seems to be, it is, nevertheless, absolutely necessary, and receives the commendation of every individual who is at all acquainted with the facts If . a man refuses to join these companies, he putter down at once with the horse thieves is.",West Virginia,16790_0.txt,,,Lynching of the two Driskells (spelling is different). For murdering John Campbell. 1841,sn84026784,1841,7,22,seq-1,ed-1,1,students,~/Code/hcij_lynching_phase_two/Storage_Older_Versions/latest_articles_aug23/16790_0.txt,https://articleextractor.org/pages/16790/wvu_jacob_ver01/sn84026784/1841/07/22/ed-1/seq-1/1
16791_0,1841-09-01,"The North-Carolina standard (Raleigh, N.C.)","WHOLESALE APPLICATION OF LYNCH LAW. follow- us of the informs fromrkansas, terday A friend of ours, who arrived in the city yes. manner in which that law, more tyrranous than the code of Draco- Lynch Law- has, in this as well as in every other instance where it has, been appealed to, been carried into effect. Between the 5th and 10th inst., Phillips coun ty, in Arkansas, about 40 miles below Helena, and the county of Coahoma, in the Mississippi, on the opposite side of the river, appear to have the scene of mob and lynch law to a become greater extent than has lately been recorded by the public press. A numerous gang of counterfeiters had their places of rendezvous and the abodes of their fam lies in the above named counties, to the great and continued annoyance of the citizens and the trading flat boatmen on the river. Besides their encroachment on the peace and property of the public in that way, they of late turned their criminal industry to horse stealing to such an extent as to rouse the citizens of the whole neighbor hood. The latter, headed by Capt. Barney Bradford, formed into a volunteer company of about 100 well armed men, commanded and lead by said Capt. Bradford, Mr. J. Lunsford and Spear, from , and Squire Forrer and James How arton Arkansas, from Mississippi, and after an active search names, following learned the whom we among of several days, succeeded in capturing 27 men, viz: Hugh Tally, Lewis Hingston, Andrew McLaughlin, Willis Pollock, Hugh Cotton, Elliot and Robert Hunter, the latter, lately from New York Joe Merritt and Mc Commick. The volunteers, used the following stratagem ¹o seize the scoundrels. They engaged a trading at boat at Hel na and hid about 50 men in the store room; then they descended the river, landing at place where they suspected to fall in with every the counterfeiters. These depraved men came intention the with produce, purchase to on board of paying for it in counterfeit money. They were thus taken and secured in the boat. When the number had increased to 27 men, nine* of them were tied hand and feet, and, as the report says, drowned in the Mississippi, near Island No, 69, in the presence of two men, Harrod and Bur gess, who it appears, officiated, or at least took an active part in the execution of the sentence. We understood that the company is increasing in number, and intends to proceed to the mouth of White river. When our informant met a division of them they were in pursuit of a certain Merian Wright. When he arrived at Napoleon, at the mouth of Arkansas river, he learned that some six or seven dead bodies had been seen floating on the river opposite that place, and also that some of the counterfeiters who escaped had been seen passing down the river with uncommon speed, in order to their pursuers.- Picayune. evade",North Carolina,16791_0.txt,,,23 counterfeiters were lynched by being drowned in the Arkansas River.  1841,sn85042147,1841,9,1,seq-4,ed-1,1,students,~/Code/hcij_lynching_phase_two/Storage_Older_Versions/latest_articles_aug23/16791_0.txt,https://articleextractor.org/pages/16791/ncu_alligator_ver01/sn85042147/1841/09/01/ed-1/seq-4/1
16792_0,1841-07-27,"Southport telegraph (Southport, W.T....)","OGLE CŒUN' Y- LYNCH LAW.- The Attorney General of the state of Illinois, Mr. Lamborn, has published an opinion rela tive to the recent exercise of the lynch law in Ogle county, in the case of the Driscalls. Mr. Lamborn regards the sum mary execution of the horse thieves, as wholly unjustifiable and uncalled for in the exigencies of the case. He says,"" I have no doubt that when the indignation and phrenzy of the occasion, shall have passed away, the actors in the general tragedy will join in the general lamentation, which must pervade society wherever the bloody details are made known."" He contends that the laws of Illinois, are sufficiently rigid and fully adequate to any emergency. Nearly thirty persons have been sentenced to the penitentiary within the last year, from the stricts infected with the horse thieves and blacklegs. The plea there fore that the arm of the law is too weak, to bring offenders to justice, is wholly without foundation. The prosecutions in the northern counties of Illinois have been nusually severe, as is proved by the num ber of prisoners sent to the penitentiary, from the very district of country, suppos d to be under the control of a gang of des peradocs.-",Wisconsin,16792_0.txt,,,Mentions reaction from the Attorney General in Illinois on the lynchings of the Driscalls. 1841,sn85040303,1841,7,27,seq-2,ed-1,1,students,~/Code/hcij_lynching_phase_two/Storage_Older_Versions/latest_articles_aug23/16792_0.txt,https://articleextractor.org/pages/16792/whi_dynamite_ver01/sn85040303/1841/07/27/ed-1/seq-2/1
16793_0,1841-07-20,"Southport telegraph (Southport, W.T....)","ILLINOIS LYNCH LAW --- Since our ac count of last week, with regard to the lynch ing tragedy in Ogle Co., Illinois, we have received conflicting and contradictory state ments through the papers, of the circum stances connected with that transaction. --- From all that we are able to learn, it would seem the mers prudent portion of the peo ple, are far from justifying the summary trial and execution of the two Driscalls, for the alleged murder of John Campbell. A Coroners inquest has been held upon the bodies of the Driscalls, and the jury have returned a verdict of wilful murder! This then, is likely to result in serious business to those who assumed to take the law into their own hands. We learn that immediately after the mob had wreaked their vengeance upon the lives of two Driscalls, they repaired to the residences of all the Driscalls and expelled the widowed and orphaned families, and burnt their houses to the ground. It is al so stated that money and valuable papers, were upon the persons of the Driscalls at the time of their being shot, which were abstracted from their pockets by the mob. The Driscalls were the owners valu- ble farms, which are under a high of state of cultivation, and covered with extensive crops of growing grain. The mob have forbidden under the penalty of death any persons from harvesting the crops. Bridge, whom we stated last week as being one of the murderers o"" Campbell, has been arrested, tried, and acquitted. We learn from the Galena papers, that the of- fice of the Rockford Star,"" was entered by the mob on the night of the 6th instant, and the type and fixtures so much injured and mutulated, that the paper has been obliged to discontinue. The alleged cause for this transaction is, that the Star has spoken out in condemnation of the proceed ings of the mob. In a good government Lynch Law can never be justified. Lynch Law is the stepping stone to anarchy, misrule and un controlable violence. To say that the laws of the states, are inadequate to perform the demands of human justice, is a libel upon our government and institutions. It is a foul charge, which the enemies of republicanism in Europe, have ever attempted to fasten upon us, but one which we in theory have ever repudiated and denied. The lynchers of the Driscalls, plead in just- ification that the friends of good order, were too weak to enforce the law, and bring the offenders to merited justice .--- This cannot be true. The same power which was brought into requisition to bring the Driscalls before a lynch tribunal, was amply adequate to have brought them be fore a legal court of the State of Illinois. The laws of Illinois for the apprehension, conviction, and punishment of felons and murderers, are as speedy and as rigid in any other State in the Union. as",Wisconsin,16793_0.txt,,,"Lynching of two Driscalls in Ogle Co. , Illinois by a mob for murdering John Campbell. 1841",sn85040303,1841,7,20,seq-2,ed-1,1,students,~/Code/hcij_lynching_phase_two/Storage_Older_Versions/latest_articles_aug23/16793_0.txt,https://articleextractor.org/pages/16793/whi_dynamite_ver01/sn85040303/1841/07/20/ed-1/seq-2/1
16794_0,1841-07-30,NA,"people of Illinois have recently party but , inevitable effects of lynch law loss been trying the upon patiently to for further country. that in thieves and murderers some The Chicago Democrat says: The volunteer companies of De Kalb and Winnebago counties collected and went in pursuit of the D.skills, caught the father and one of his sons, tried them by lynch law, convicted them of the murder of Campbell and sentenced them to immediate death,. They placed ten man then the old rods off him five minutes for death gave to prepare, and at the end of that time, fifty balls went through him. The son was served in the manner."" same Two other men of the same party, who had made their have since been caught escape and executed in the same manner as the above. have been executed in Grant Also two men , , Ohio, by a mob, for robbing and county murdering a man by the name of Utterback.",Mississippi,16794_0.txt,,,"Mentions the Lynching of two Driscalls in Ogle Co.,Illinois.  Also mentions the lynching of two men in Grant County, Ohio by a mob. 1841.",sn87065204,1841,7,30,seq-2,ed-1,1,students,~/Code/hcij_lynching_phase_two/Storage_Older_Versions/latest_articles_aug23/16794_0.txt,https://articleextractor.org/pages/16794/msar_goldenharvest_ver01/sn87065204/1841/07/30/ed-1/seq-2/1
16795_0,1841-07-31,"Wheeling times and advertiser (Wheeling, Va. [...)","LYNCH LAW. Lynch law is law of blood. Is decisions some instanses bave the show of justice to slightly in i palliate its deeds of murder But at the recent out break in Kentucky, we are shocked beyond men sure. It is the most unwarrantable act that has ev er been perpetrated in the name of bloody mon ster. Let no man talk to us of the respectability of some of the parties concerned. They have the blood of the murdered men in their skirts. The great rivers of the West are not sufficient to wash a their way fertile the stain land. obscure Nor can the the scent fragrant of blood flowers that will of go with them to their graves. The public press, the many- mouthed press that speaks for the whole nation a press that is bound to keep our escutcheon as a People unsullied, should issue ning deed it anathemas., one and all, against this dam. It will plant in many a thonghtless heart that entered this bloo ly list without reflection, a pang that time can never remove. We would not, for all the wealth of every man concerned in the assault, have the thought upon our dying pillow the weake motely helped in this deed of infamy. We take this resolute stand that we may set men to think ing. The public mind must and public morals kept up to a standard that will not al. low a man to rashly take the vengeance of the laws in his own hands. The blush of shame may not the mantle offence upon but a Lyncher's check when he perpeirales , in due season the whips of consci enee will lash him most severely when he may seek most fervently fo repose We say to every men who . participated in this work of death- Go to your bosom Knock there; and ask your heart what it doth know, Every violation of this kind shakes the stability of law. Haman was hanged upon his own gallows Robespierre fell under the hands of thos he had taught to murder in cold blood. Let every man who nided in the Kentucky lynching beware. They have not only wronged their country, but them selves and their children. Other lynchers may long lie in wait for them-[ American Sentinel. ere",West Virginia,16795_0.txt,,,Mentions a lynching in Kentucky.,sn84038585,1841,7,31,seq-2,ed-1,1,students,~/Code/hcij_lynching_phase_two/Storage_Older_Versions/latest_articles_aug23/16795_0.txt,https://articleextractor.org/pages/16795/wvu_dawson_ver01/sn84038585/1841/07/31/ed-1/seq-2/1
16801_0,1841-10-05,"Southern Argus (Columbus, Miss.)","DEAD BODY FOUND IN THE RIVER .-- The body of a man was found floating in the river on Saturday, opposite Wm. Bisland's planta- tion- at the woodyard of which it came ashore and was buried by Mr. Bishland's hands. The body was so much mutilated that it was impossible to form any idea of his age or personal contour. His fright hand and lower jaw were off- there was a large hole through his body which looked as though he had been shot, and two of his ribs were broken. He had on satti. nett pantaloons and callicoe shirt. One$ 50 Miss& Alabama note and 50 cents in specie was found in his watch pocket. Capt. Shaw, of the Phoenix ferry boat, saw the body pass our city on Saturday at 12 o'clock, and supposes one of those who were lynched in Ar- kanis kansas.",Mississippi,16801_0.txt,,,27 counterfeiters were lynched by being drowned in the Arkansas River.  1841 (This article has a different number of people lynched than the other articles),sn83016884,1841,10,5,seq-1,ed-1,1,students,~/Code/hcij_lynching_phase_two/Storage_Older_Versions/latest_articles_aug23/16801_0.txt,https://articleextractor.org/pages/16801/msar_kingsombra_ver01/sn83016884/1841/10/05/ed-1/seq-1/1
16804_0,1841-09-15,"The North-Carolina standard (Raleigh, N.C.)","RIOT IN CINCINNATI, OHIO. A Letter to the editors of the New York New Era, from Cincinnati, Ohio, dated the 4th inst. gives an account of a very serious riot in that city. On the evening of the 2d, a quarrel occurred between several negroes and two white men, in which the latter were badly wounded with dirk knives. A bout 9 o'clock on the following evening, a large concourse of people, without concert or arms, assembled in the immediate vicinity of"" Five Points,"" or, as it is called,"" Nigger Town."" A few persons in the mob which consisted of 3 or 400, threw stones against the buildings of the negroes. The negroes immediately poured into the mob a volley of bullets, from muskets and rifles, with which they had previously provided themselves in anticipation of an attack. The mob, being unarmed, fled precipitate ly, and were pursued for nearly a square by the blacks, who yelled out a wild shout of triumph and defiance, and returned to their houses. About midnight the mob advanced to the position they had occupied in the early part of the evening, provided with arms and a six- pounder. The six pounder and small arms were fired, which was re turned by the blacks, and the parties engaged in a terrible conflict. Fortunately for the lives of many, the prompt arrival of the military silenced the firing, restored peace and dispersed the mob. There are various reports of the number killed and wounded on both sides, the truth of which cannot at pres ent be known. The city was all in confusion and uproar again, on the 4th, and the negroes flying in all directions. There was no fighting or lynching, but the people were taking the negroes into custody as fast as they could be caught, with the design of enforcing a law which requires all colored residents of Ohio to give bond for their good or leave the State. behavior",North Carolina,16804_0.txt,,,Several counterfeiters were lynched in St. Louis.  1841,sn85042147,1841,9,15,seq-2,ed-1,1,students,~/Code/hcij_lynching_phase_two/Storage_Older_Versions/latest_articles_aug23/16804_0.txt,https://articleextractor.org/pages/16804/ncu_alligator_ver01/sn85042147/1841/09/15/ed-1/seq-2/1
16806_0,1841-09-02,NA,"The remaining four ruffians made their escape to the lowa side of the river, and there succeeded in rallying a mob, who came over in a ferry boat and recaptured Fisher. This was in the middle of the afternoon. Fisher was taken some 70 yards from the road, tied with a chain and rope, and a guard of two men, armed with knives and pistols, placed over him, told him that if he hallooed instant death was his portion. Here he remained till dark, when he was taken to the second island above Bloomington, and flogged by four men until his back, legs and arms, were cut into welts. He was then pre- sented with a lie- bill to sign; refusing to do which, he was again put in a cacoe in which was a large stone, while two men occupied another canoe, and both proceeded down the river. On getting opposite Burlington, a gun was heard to fire, and soon after three others. The becoming alarmed, separated raffians",West Virginia,16806_0.txt,,,23 counterfeiters were lynched by being drowned in the Arkansas River.  1841,sn84026784,1841,9,2,seq-1,ed-1,1,students,~/Code/hcij_lynching_phase_two/Storage_Older_Versions/latest_articles_aug23/16806_0.txt,https://articleextractor.org/pages/16806/wvu_jacob_ver01/sn84026784/1841/09/02/ed-1/seq-1/1
16808_0,1841-12-28,"Southport telegraph (Southport, W.T....)","darkness of the night. Then the pulse had to boat its last throb, and the cold hand of death steal away the last expiring breath. Fortunately a faithful negro servant of Mr. Carey had heard of the intended mur der, and communicated the design to his master, in sufficient time to give him a chance of escape. He managed to do this and when sufficiently out of the reach of Yoakum made the facts public to the citizens The people no sooner heard of it they were satisfied of its truth; for than the good character of Mr. C. is proverbial. From the Natchitoches Herald. TEXAS- MURDER- LYNCH LAW- LAST OF THE YOAKUM GANG. We have been put in possession of the facts in relation to this affair, which sone The the last Texas Tragedies. among citizens of Jefferson County, it appears, have long suffered from their outrages, and from their numbers and recklessness of character, it seemed impossible to arrest their injuries by the hand of civil power. Cattle have been stolen, robberies committed , and citizens insulted and murdered; but still, whenever they were arrested on the charge, the gang came forward with perjured oaths, and they were acquitted.ling 6 Yoakum' was hardened into the most inveterate degree of erime, and seemed but to reap enjoyment by pursuing the most fiendish acts of roberry and murder. It is a most singular instance of the effects of habit. He was a rich and affluent planter, and lived in a sumptuous and most magni ficient manner- kept a splendid equipage -owned over a hundred negroes, and large tracts of land- had constantly about a hundred breeding mares; made a yearly sale of fifteen hundred cattle, and had a large revenue coming in from other sour ces. There is no doubt but that he was the richest man in Texas. Yet, with all this wealth, his disposition to plunder knew no bounds. The cause of his death arose from an abortive attempt to murder Mr. Carey, of Houston County. Mr. C. is a highly respectable and wealthy citizen of the town of Houston, and was, at the time, staying Yoakum He was sus at the residence of. pected of having a large sum of money with him, and Yoakum determined that he The should be murdered while in bed. plan was properly matured during the day, every thing placed in readiness for its and commission. Nothing remained but the",Wisconsin,16808_0.txt,Yes,"yes, 90","Mob attempted to murder Mr. Carey in Houston, Texas. His slave notified him and he was able to escape. 1841",sn85040303,1841,12,28,seq-1,ed-1,1,students,~/Code/hcij_lynching_phase_two/Storage_Older_Versions/latest_articles_aug23/16808_0.txt,https://articleextractor.org/pages/16808/whi_dynamite_ver01/sn85040303/1841/12/28/ed-1/seq-1/1
16810_0,1842-07-20,"Southport telegraph (Southport, W.T....)","A notorious murderer, named Lynch, was lately lynched; hung without judge or jury, at San Felipe. He had killed one or two citizens, and wounded and threatened the lives of others. The Texan privateer Washington, recently captured sent into Galveston the schooner Mary and Elizabeth. She was landed with a large quantity of powder, lead, and other contraband articles of war, together with coin. A dispute has arisen whether she was a Mexican or an United States vessel, which has not yet been settled . The Mary and Elizabeth was bound to Vera Cruz from New Orleans. A party of fifteen men recently left Austin for the Upper Colorado and region of the San Saba, in search of silver mines, known to be abundant in that section. Capt. Dolson's company of mounted men have left Austin on a tour into the In dian range, though a country abounding with buffalo, deer, bear and honey. The crops on the Upper Brazos are highly promising, having been recently visited by plentiful Hon. John Scott, Recorder of the of Houston, is dead. city",Wisconsin,16810_0.txt,,,A man named Lynch was lynched in San Felipe.  1842,sn85040303,1842,7,20,seq-1,ed-1,1,students,~/Code/hcij_lynching_phase_two/Storage_Older_Versions/latest_articles_aug23/16810_0.txt,https://articleextractor.org/pages/16810/whi_dynamite_ver01/sn85040303/1842/07/20/ed-1/seq-1/1
16812_0,1842-10-27,"The Ohio Democrat (Canal Dover, Oh...)","HUNG FOR FUN.- The last Tennessee Re view states that the grand jury County, Tenn. has found a true bill against Geo. Smith, Johh H. Tobb, Loftin Dake, James Pharce, and Leroy Brown, for the murder of a slave be longing to John Miller. They had all got in to a drunken spree, and under the influence of liquor, enticed the negro into a loft, and hung him for fun, intending to cut him down in a moment or two before life should be extinct. Their drunken frolic was too far- the negro died. carried",Ohio,16812_0.txt,,,A slave was hung by a group of men in 1842 in Tenn.,sn84028889,1842,10,27,seq-2,ed-1,1,students,~/Code/hcij_lynching_phase_two/Storage_Older_Versions/latest_articles_aug23/16812_0.txt,https://articleextractor.org/pages/16812/ohi_cousteau_ver02/sn84028889/1842/10/27/ed-1/seq-2/1
16813_0,1842-01-26,Vermont telegraph (Brandon [Vt.]),"The thief doth fear each: bush an officer.' Mr. Torrey quietly withdrew from the floor of the hall to the gallery, from which he was ejected, and would have been lynched on the spot, had he not been ar rested as an abolition incendiary by officers of justice,(!) and cast into prison the,",Vermont,16813_0.txt,,"yes, 94","A pastor was lynched by two church members in Hancock, NH. Also another man was lynched in 1842. ",sn83025661,1842,1,26,seq-3,ed-1,1,students,~/Code/hcij_lynching_phase_two/Storage_Older_Versions/latest_articles_aug23/16813_0.txt,https://articleextractor.org/pages/16813/vtu_kirby_ver02/sn83025661/1842/01/26/ed-1/seq-3/1
16813_1,1842-01-26,Vermont telegraph (Brandon [Vt.]),"treet from a Letter from John Orvis. dibald Burgess of Hancock, N. H, Pastor of a Mobacratic Church.- A Non Resistant Lynched by two church mem- viz: Joseph Hill, jr. and Nathan Wood Dear Orsons I have long wanted to a line to you. I can sympathize with in your almost single combat, with the rers of darkness. We have met some in New Hampshire, which more fully op the wickedness of the clergy and ches than I have before seen. Sunday H. C. Wright preached ptist house in Hancock, on the' chris in",Vermont,16813_1.txt,,"yes, 94","A pastor was lynched by two church members in Hancock, NH. Also another man was lynched in 1842. ",sn83025661,1842,1,26,seq-3,ed-1,1,students,~/Code/hcij_lynching_phase_two/Storage_Older_Versions/latest_articles_aug23/16813_1.txt,https://articleextractor.org/pages/16813/vtu_kirby_ver02/sn83025661/1842/01/26/ed-1/seq-3/1
16813_2,1842-01-26,Vermont telegraph (Brandon [Vt.]),"street again. Then he and the seston stood guard at the door. I began to preach repentance to them, as to pirates and murder- ers. They could not stand it, and into the house. Burgess looked on skulked the one person said a word against it. lynching process, and said nor a word. Only",Vermont,16813_2.txt,,"yes, 94",duplicate of paper above,sn83025661,1842,1,26,seq-3,ed-1,1,students,~/Code/hcij_lynching_phase_two/Storage_Older_Versions/latest_articles_aug23/16813_2.txt,https://articleextractor.org/pages/16813/vtu_kirby_ver02/sn83025661/1842/01/26/ed-1/seq-3/1
16813_3,1842-01-26,Vermont telegraph (Brandon [Vt.]),"ed to say, that Oberlin Perfection and Resistance, are identical. He told his le that they are a cloak for all ungodli- that this was proved from the fact the Oberlinites lynched a young man r pretence of being perfect; and there are at liberty to do anything with in ty. the H afternoon he administered bread",Vermont,16813_3.txt,,"yes, 94",duplicate,sn83025661,1842,1,26,seq-3,ed-1,1,students,~/Code/hcij_lynching_phase_two/Storage_Older_Versions/latest_articles_aug23/16813_3.txt,https://articleextractor.org/pages/16813/vtu_kirby_ver02/sn83025661/1842/01/26/ed-1/seq-3/1
16822_0,1841-07-29,"The Ohio Democrat (Canal Dover, Oh...)","MORE LYNCH LAW .--- Two men named Couch and Maythe, were lynched at Willi. amstown, Grant county, Ky, last Saturday week, for committing a murderous assault up. on a drover, named Utterbeck, whom they also robbed. The mob went to the jail in which they were confined, took them out by force, carried them to the epot where they had committed the outrage on the drover, and hung them both upon a tree. The mob seeme to have acted with the utmost order in this ehocking tragedy, and even listened with respect to the remonstrance of an eminent law yer against their proceedings. If anything can palliate such an outrage, it was the fact that one of the robbers was a notorious rascal, who had frequently escaped a legal for similar crimes. punishment",Ohio,16822_0.txt,,,"A mob lynched two men named Couch and Maythe near Grant county, Kentucky for assaulting a driver. 1841",sn84028889,1841,7,29,seq-2,ed-1,1,students,~/Code/hcij_lynching_phase_two/Storage_Older_Versions/latest_articles_aug23/16822_0.txt,https://articleextractor.org/pages/16822/ohi_cousteau_ver02/sn84028889/1841/07/29/ed-1/seq-2/1
16832_0,1841-12-02,"Alexandria gazette (Alexandria, D.C...)","Siscellaneous. From the Natchitoches llerald. TEXAS. Murder -- Lynch Law- Last of the Yoakum Gang. We have been put in possession of the facts M.in relation to this affair, which is one among the last Texas tragedies. Jefferson county, it appears, have long suf lered from their outrages; and from their numbers and total recklessness of character, It seemed impossible to arrest their injuries by the hand of civil power. Cattle had been stolen, robberies committed, and citizens insulted and murdered; but still, whenever any were arrested on the charge, the gang came forward with perjured oaths, and they were acquitted."" Yoakum"" was hardened into the most inveterate degree of crime, and seemed but to reap enjoyment by pursuing the most fiendish acts of robbery and murder. is a most singular instance of the effects of habit. He was a rich and afluent planter, and lived in a sumptuous and most magnificent manner- kept a splendid equippage -- owned over a hundred negroes and large tracts of land- had constantly about a hundred breed ing mares, made a yearly sale of fifteen hundred cattle, and had a large revenue coming other There is no doubt that he was the richest man in Texas. Yet with all this wealth, his disposition to plunder knew no bounds. The case of his death arose from an abortive attempt to murder Mr. Carey of Hous: ton county.- Mr. C. is a highly respectable and wealthy citizen of the town of Houston, and was at the time staying at the residence of Yoa kum. He was suspected of having a large sum of money with him, and Yoakum de- termined that he should be murdered while in bed. The plan was operly managed du ring the day, and everything placed in Less for the commission. Nothing remained read",District of Columbia,16832_0.txt,Yes,"yes, 90","Mob attempted to murder Mr. Carey in Houston, Texas. His slave notified him and he was able to escape. 1841",sn85025007,1841,12,2,seq-1,ed-1,1,students,~/Code/hcij_lynching_phase_two/Storage_Older_Versions/latest_articles_aug23/16832_0.txt,https://articleextractor.org/pages/16832/vi_bees_ver01/sn85025007/1841/12/02/ed-1/seq-1/1
